Title,Price,Link,Scraped_At
ตู้เย็น 2 ประตู SAMSUNG RT38CG6020B1ST 13.9 สีดำ อ...,"฿ 17,490-40%",https://www.homepro.co.th/p/1233801,2025-04-02 10:38:33.392659
ตู้เย็น 2 ประตู TOSHIBA GR-RT234WE-DMTH(SS) 6.4 คิ...,"฿ 6,990-7%",https://www.homepro.co.th/p/1240795,2025-04-02 10:38:33.393658
เครื่องซักผ้าฝาบน TOSHIBA AW-M901BT(WW) 8 กก. สีขา...,"฿ 6,490-9%",https://www.homepro.co.th/p/1228637,2025-04-02 10:38:33.393658
ตู้เย็น 2 ประตู SAMSUNG RT25FGRADB1/ST 9.0 คิว,"฿ 10,490-11%",https://www.homepro.co.th/p/1177504,2025-04-02 10:38:33.395132
เครื่องซักผ้าฝาบน SAMSUNG WA14CG5441BYST 14 กก. อิ...,"฿ 16,490-48%",https://www.homepro.co.th/p/1232596,2025-04-02 10:38:33.396130
พัดลมตั้งพื้น 16 นิ้ว TOSHIBA F-ASY50TH(W) สีขาว,"฿ 1,690-29%",https://www.homepro.co.th/p/1181275,2025-04-02 10:38:33.396130
เครื่องขจัดคราบอเนกประสงค์ IRIS OHYAMA RNS-300,"฿ 3,300-21%",https://www.homepro.co.th/p/1185134,2025-04-02 10:38:33.397129
เครื่องซักผ้าฝาบน SAMSUNG WA16CG6745BDST 16 กก. อิ...,"฿ 19,990-49%",https://www.homepro.co.th/p/1232594,2025-04-02 10:38:33.397129
เครื่องซักผ้าฝาบน LG T2314VS2B 14 กก. อินเวอร์เตอร...,"฿ 14,490-34%",https://www.homepro.co.th/p/1219852,2025-04-02 10:38:33.398130
เครื่องซักผ้าฝาหน้า TOSHIBA TW-BH85S2T 7.5 กก. อิน...,"฿ 13,990-21%",https://www.homepro.co.th/p/1154242,2025-04-02 10:38:33.399182
ขาแขวนทีวี MOVADA PTB-213MBA,"฿ 1,490-0%",https://www.homepro.co.th/p/1140153,2025-04-02 10:38:33.400183
"แอลอีดีทีวี 55 นิ้ว SONY (4K, GOOGLE TV) KD-55X75K","฿ 22,490-16%",https://www.homepro.co.th/p/1206496,2025-04-02 10:38:33.400183
"แอลอีดีทีวี 43 นิ้ว TOSHIBA (FULL HD, Android TV) ...","฿ 11,999-30%",https://www.homepro.co.th/p/1236211,2025-04-02 10:38:33.400183
ขาแขวนทีวี MOVADA PTB-101MT 32-70 นิ้ว,"฿ 1,190-0%",https://www.homepro.co.th/p/1140087,2025-04-02 10:38:33.401687
พัดลมตั้งพื้น 16 นิ้ว TOSHIBA F-ASY50TH(W) สีขาว,"฿ 1,690-29%",https://www.homepro.co.th/p/1181275,2025-04-02 10:38:33.401687
เครื่องดูดฝุ่นแบบถุง ELECTROLUX Z1221 1600 วัตต์ ส...,"฿ 2,190-9%",https://www.homepro.co.th/p/1087463,2025-04-02 10:38:33.401687
เครื่องดูดฝุ่นแบบกล่อง SAMSUNG VCC4540S36/XST,"฿ 2,290-17%",https://www.homepro.co.th/p/1102540,2025-04-02 10:38:33.404316
เครื่องขจัดคราบอเนกประสงค์ IRIS OHYAMA RNS-300,"฿ 3,300-21%",https://www.homepro.co.th/p/1185134,2025-04-02 10:38:33.404316
เครื่องดูดฝุ่นแบบด้าม ELECTROLUX ZB3515ST,"฿ 5,990-20%",https://www.homepro.co.th/p/1172833,2025-04-02 10:38:33.406424
เตาอบฝัง HAFELE KNOB65L.ECO 495.06.439 60 ซม.,"฿ 24,840-69%",https://www.homepro.co.th/p/1118836,2025-04-02 10:38:33.408569
เครื่องดูดควันมาตรฐาน TEKA C605 60 ซม.,"฿ 6,900-46%",https://www.homepro.co.th/p/291840,2025-04-02 10:38:33.409676
หัวปรับความดันต่ำเซฟตี้พร้อมสายแก๊ส MEX SPR37S GH,"฿ 1,300-33%",https://www.homepro.co.th/p/1162473,2025-04-02 10:38:33.409676
เครื่องล้างจานตั้งพื้น BOSCH SMS43D02ME,"฿ 23,900-29%",https://www.homepro.co.th/p/1185441,2025-04-02 10:38:33.410675
เตาแก๊สตั้งโต๊ะ 2 หัวแก๊ส ELECTROLUX ETG726BXS,"฿ 2,690-18%",https://www.homepro.co.th/p/1098332,2025-04-02 10:38:33.411674
หัวปรับความดันต่ำเซฟตี้พร้อมสายแก๊ส HAFELE 485.50....,฿ 900-38%,https://www.homepro.co.th/p/1108715,2025-04-02 10:38:33.411674
เครื่องล้างจานตั้งพื้น TOSHIBA DW-14F2(BS)-TH,"฿ 30,990-38%",https://www.homepro.co.th/p/1198608,2025-04-02 10:38:33.411674
หน้ากากกันแมลง TECNOPLUS TNP AHD 150 SC 15 ซม.,"฿ 2,100-52%",https://www.homepro.co.th/p/1107389,2025-04-02 10:38:33.411674
เตาฝังเซรามิก MEX HVC232 30 ซม.,"฿ 10,500-42%",https://www.homepro.co.th/p/1216405,2025-04-02 10:38:33.413225
ท่อลม PARNO 6 นิ้ว x 5 เมตร,฿ 620-19%,https://www.homepro.co.th/p/193806,2025-04-02 10:38:33.413225
เครื่องดูดควันกระโจม TECNOSTAR TNS HD3460K-AC 60ซม...,"฿ 8,990-51%",https://www.homepro.co.th/p/1137246,2025-04-02 10:38:33.414368
หน้ากากกันแมลงแบบกันฝน PARNO FC150WH 15 ซม. สีขาว,฿ 490-20%,https://www.homepro.co.th/p/193770,2025-04-02 10:38:33.414368
เตาแก๊สตั้งโต๊ะ 2 หัวแก๊ส ELECTROLUX ETG728TL,"฿ 3,490-22%",https://www.homepro.co.th/p/1043313,2025-04-02 10:38:33.415442
เก้าอี้จัดเลี้ยง FURDINI UNIT สีดำ,"฿ 1,290-41%",https://www.homepro.co.th/p/1165652,2025-04-02 10:38:33.416821
ชุดโต๊ะอาหาร 6 ที่นั่ง FURDINI MAYKALA สีน้ำตาลเข้...,"฿ 18,900-19%",https://www.homepro.co.th/p/1198426,2025-04-02 10:38:33.417821
ตู้วางทีวี FURDINI SETH 120 ซม. สีวอลนัท/เทา,"฿ 1,490-26%",https://www.homepro.co.th/p/1202108,2025-04-02 10:38:33.417821
ชุดโต๊ะอาหาร 4 ที่นั่ง FURDINI MAYKALA สีน้ำตาลเข้...,"฿ 14,900-24%",https://www.homepro.co.th/p/1219950,2025-04-02 10:38:33.418898
โต๊ะพับไม้ยางพารา PJ WOOD สีธรรมชาติ,฿ 690-43%,https://www.homepro.co.th/p/1157747,2025-04-02 10:38:33.419975
ตู้วางทีวี FURDINI SETH 120 ซม. สีไวท์โอ๊ค/ขาว,"฿ 1,490-26%",https://www.homepro.co.th/p/1202149,2025-04-02 10:38:33.419975
โต๊ะอเนกประสงค์เหลี่ยม SURE T60120 สีขาว,"฿ 1,750-49%",https://www.homepro.co.th/p/1002464,2025-04-02 10:38:33.419975
ตู้ลิ้นชัก 3 ลิ้นชัก FURDINI AMORE สีไวท์โอ๊ค/ขาว,"฿ 1,590-25%",https://www.homepro.co.th/p/1228718,2025-04-02 10:38:33.421051
ชุดโต๊ะอาหาร 6 ที่นั่ง FURDINI KARAKED สีวอลนัท,"฿ 15,900-20%",https://www.homepro.co.th/p/1218873,2025-04-02 10:38:33.421555
เก้าอี้จัดเลี้ยง FURDINI UNIT สีน้ำตาล,"฿ 1,290-41%",https://www.homepro.co.th/p/1165682,2025-04-02 10:38:33.421555
เก้าอี้สำนักงาน MODENA AMAZON สีดำ,"฿ 2,990-46%",https://www.homepro.co.th/p/1158268,2025-04-02 10:38:33.422574
โต๊ะอเนกประสงค์เหลี่ยม SURE T60150 สีขาว,"฿ 2,190-50%",https://www.homepro.co.th/p/1002491,2025-04-02 10:38:33.423572
โซฟา BOFA SOUTH สีครีม,"฿ 3,990-42%",https://www.homepro.co.th/p/1152034,2025-04-02 10:38:33.423572
โต๊ะอเนกประสงค์เหลี่ยม SURE T60180 สีขาว,"฿ 2,520-44%",https://www.homepro.co.th/p/1028328,2025-04-02 10:38:33.424645
ตัวกรองอาบน้ำ VALINA MICRO PP,฿ 490-40%,https://www.homepro.co.th/p/1206683,2025-04-02 10:38:33.425645
เครื่องทำน้ำอุ่น SHARP WH-34 3500 วัตต์ สีขาว,"฿ 2,990-30%",https://www.homepro.co.th/p/1106797,2025-04-02 10:38:33.425645
เครื่องทำน้ำอุ่น TOSHIBA TWH-45WTH 4500 วัตต์ สีขา...,"฿ 3,290-24%",https://www.homepro.co.th/p/1181726,2025-04-02 10:38:33.427644
ไส้กรอง STIEBEL FOUNTAIN 7 IN 1,"฿ 4,745-23%",https://www.homepro.co.th/p/1092359,2025-04-02 10:38:33.428725
เครื่องทำน้ำอุ่น TOSHIBA TWH-38WTH 3800 วัตต์ สีขา...,"฿ 2,990-26%",https://www.homepro.co.th/p/1181759,2025-04-02 10:38:33.430116
เครื่องทำน้ำอุ่น STIEBEL WS 45 E-2 4500 วัตต์ สีขา...,"฿ 4,990-22%",https://www.homepro.co.th/p/1157114,2025-04-02 10:38:33.431669
เครื่องทำน้ำอุ่น STIEBEL WS 35 E-2 3500 วัตต์,"฿ 4,690-21%",https://www.homepro.co.th/p/1157153,2025-04-02 10:38:33.431669
ปั๊มอัตโนมัติ HITACHI WM-P150XX 150 วัตต์,"฿ 6,550-11%",https://www.homepro.co.th/p/1147417,2025-04-02 10:38:33.432700
สายฉีดชำระครบชุด AMERICAN STANDARD A-4900-ST สเตนเ...,฿ 670-12%,https://www.homepro.co.th/p/284904,2025-04-02 10:38:33.432700
สุขภัณฑ์ 2 ชิ้น MOYA 013 3/6 ลิตร สีขาว,"฿ 3,590-36%",https://www.homepro.co.th/p/1147131,2025-04-02 10:38:33.432700
สุขภัณฑ์ 2 ชิ้น AMERICAN STANDARD TF-2697SCW-WT-0 ...,"฿ 3,050-11%",https://www.homepro.co.th/p/1084199,2025-04-02 10:38:33.434016
สุขภัณฑ์ 1 ชิ้น MOYA SN-T008 3/6 ลิตร สีขาว,"฿ 4,590-28%",https://www.homepro.co.th/p/1076956,2025-04-02 10:38:33.435327
ชุดฝักบัวสายอ่อน 3 ระดับ AMERICAN STANDARD F46306-...,฿ 430-4%,https://www.homepro.co.th/p/1089849,2025-04-02 10:38:33.436327
สายฉีดชำระครบชุด-ขาว HANG SS-02,฿ 220-23%,https://www.homepro.co.th/p/13751,2025-04-02 10:38:33.436830
ก๊อกซิงค์เดี่ยวติดตั้งบนเคาน์เตอร์ HONS FC2001,"฿ 1,269-47%",https://www.homepro.co.th/p/1144991,2025-04-02 10:38:33.436830
สุขภัณฑ์ 2 ชิ้น KARAT K-45535X 3.75 ลิตร สีขาว,"฿ 4,600-56%",https://www.homepro.co.th/p/285121,2025-04-02 10:38:33.437849
สุขภัณฑ์ 2 ชิ้น MOYA 2801 4.5 ลิตร สีขาว,"฿ 2,790-32%",https://www.homepro.co.th/p/1088239,2025-04-02 10:38:33.439267
สายฉีดชำระครบชุด HAFELE 485.95.054 สีโครม,฿ 779-48%,https://www.homepro.co.th/p/1115436,2025-04-02 10:38:33.439267
"น้ำยาขจัดท่อตัน FARCENT 1,000 มล.",฿ 135-7%,https://www.homepro.co.th/p/205054,2025-04-02 10:38:33.440477
น้ำยาทำความสะอาดห้องน้ำ เป็ด ม่วง 900 มล. แพ็ก2แถม...,฿ 112-8%,https://www.homepro.co.th/p/292985,2025-04-02 10:38:33.441974
กล่องดูดความชื้น FARCENT D-507 CHARCOAL 450 มล. แพ...,฿ 165-40%,https://www.homepro.co.th/p/1046537,2025-04-02 10:38:33.441974
น้ำยาล้างจาน ซันไลต์ 500 มล. LEMON แพ็ก 3 ชิ้น,฿ 92-25%,https://www.homepro.co.th/p/1037552,2025-04-02 10:38:33.443354
น้ำยาย่อยจุลินทรีย์ TOTTO 950ml,฿ 159-6%,https://www.homepro.co.th/p/287411,2025-04-02 10:38:33.443354
"สบู่เหลวล้างมือ 3M 3,800ml",฿ 210-24%,https://www.homepro.co.th/p/281587,2025-04-02 10:38:33.443354
กล่องดูดความชื้น FARCENT 501C 450 มล. แพ็ก3 กลิ่นล...,฿ 165-40%,https://www.homepro.co.th/p/1003330,2025-04-02 10:38:33.444550
ตะกร้าผ้าล้อลาก PLIM BK-137-3 สีขาว/เทา,฿ 299-40%,https://www.homepro.co.th/p/1101743,2025-04-02 10:38:33.444550
"น้ำยาทำความสะอาดฆ่าเชื้ออเนกประสงค์ DETTOL 5,000 ม...","฿ 2,699-30%",https://www.homepro.co.th/p/1083194,2025-04-02 10:38:33.445547
ตู้เสื้อผ้าราวแขวนมีชั้นวาง PLIM LINEAR สีดำ,"฿ 1,990-14%",https://www.homepro.co.th/p/1191848,2025-04-02 10:38:33.446674
โต๊ะรีดผ้า 11 ระดับ ไอน้ำ PLIM ELEGANCE,"฿ 1,459-32%",https://www.homepro.co.th/p/196083,2025-04-02 10:38:33.447674
ชุดไม้กวาดพร้อมที่โกยผงขอบยาง ACCO YJ-1849 IV 10 น...,฿ 129-31%,https://www.homepro.co.th/p/1097942,2025-04-02 10:38:33.447674
กล่องเก็บของ มีล้อ ฝาล็อค STACKO 2556 66 ลิตร สีขา...,฿ 399-45%,https://www.homepro.co.th/p/1002032,2025-04-02 10:38:33.448673
แบตเตอรี่ DEWALT DCB184-B1 18 โวลต์ 5.0 แอมป์,"฿ 5,450-59%",https://www.homepro.co.th/p/1152877,2025-04-02 10:38:33.449672
สว่านไร้สาย (พร้อมแบตเตอรี่) MATALL MT-1512B 12 โว...,"฿ 1,390-43%",https://www.homepro.co.th/p/1182524,2025-04-02 10:38:33.450723
ปั๊มลมไร้สาย BOSCH EASYPUMP 3.6 โวลต์ 10.3 บาร์,"฿ 3,690-39%",https://www.homepro.co.th/p/1238324,2025-04-02 10:38:33.451734
เครื่องฉีดน้ำ ZINSANO AMAZON ULTRA 110 บาร์ 1600 ว...,"฿ 4,790-33%",https://www.homepro.co.th/p/1185722,2025-04-02 10:38:33.451734
สว่านไขควงไร้สาย BOSCH GO 2 3.6 โวลต์,"฿ 1,950-38%",https://www.homepro.co.th/p/1147541,2025-04-02 10:38:33.452743
แท่นชาร์จ DEWALT DCB1104-B1 12-20 โวลต์ Max 4 แอมป...,"฿ 1,600-38%",https://www.homepro.co.th/p/1228215,2025-04-02 10:38:33.453868
ใบตัดเหล็ก SUMO FAST CUT DOUBLENET 4 นิ้ว 1X16 มม.,฿ 17-41%,https://www.homepro.co.th/p/1131870,2025-04-02 10:38:33.454869
ใบตัดเหล็กสแตนเลส MATALL 4 นิ้ว,฿ 15-46%,https://www.homepro.co.th/p/1154102,2025-04-02 10:38:33.454869
ลวดเชื่อมเหล็ก MATALL E6013 2.6X350 มม. 2 กก.,฿ 144-37%,https://www.homepro.co.th/p/1171491,2025-04-02 10:38:33.455866
ลวดเชื่อมเหล็ก KOBE K-30 2.6X350 มม. 2 กก.,฿ 250-38%,https://www.homepro.co.th/p/219263,2025-04-02 10:38:33.455866
ลวดเชื่อมเหล็ก KOBE RB-26 2.6 มม. 1 กล่อง,฿ 250-33%,https://www.homepro.co.th/p/219282,2025-04-02 10:38:33.456865
แอร์ผนัง CARRIER 42TVDA013B/38TVDA013B 12000 บีทีย...,"฿ 20,500-22%",https://www.homepro.co.th/p/1285138,2025-04-02 10:38:33.457875
ตู้เย็น 2 ประตู TOSHIBA GR-A28KU (UK) 8.2 คิว อินเ...,"฿ 10,790-21%",https://www.homepro.co.th/p/1107900,2025-04-02 10:38:33.459051
แอร์ผนัง CARRIER 42TVDA016B/38TVDA016B 15000 บีทีย...,"฿ 25,500-11%",https://www.homepro.co.th/p/1285137,2025-04-02 10:38:33.460072
เครื่องซักผ้าฝาหน้า HAIER HW110-BD14166S8U1 11 กก....,"฿ 21,990-7%",https://www.homepro.co.th/p/1282198,2025-04-02 10:38:33.460072
ตู้เย็น MULTI DOOR MITSUBISHI MR-LA70EY-GDS 22.4 ค...,"฿ 48,090-2%",https://www.homepro.co.th/p/1284321,2025-04-02 10:38:33.461685
แอร์ผนัง SAMSUNG AR70F24D1DWNST 21500 บีทียู อินเว...,"฿ 36,990-16%",https://www.homepro.co.th/p/1283730,2025-04-02 10:38:33.461685
"มินิแอลอีดีทีวี 65 นิ้ว TOSHIBA (4K, MINI LED, VID...","฿ 63,999-14%",https://www.homepro.co.th/p/1282992,2025-04-02 10:38:33.462982
"ทีวีแอลอีดี 32 นิ้ว SKYWORTH (HD, LED, GOOGLE TV) ...","฿ 5,690-3%",https://www.homepro.co.th/p/1283768,2025-04-02 10:38:33.462982
ลำโพง COMPRO CO-8700,"฿ 3,990-32%",https://www.homepro.co.th/p/1193107,2025-04-02 10:38:33.464236
ลำโพงบลูทูธ MARSHALL TUFTON สีดำทอง,"฿ 20,990-10%",https://www.homepro.co.th/p/1280623,2025-04-02 10:38:33.465302
แกนม้วนผม VIVID & VOGUE VAV-022B AI 3IN1,"฿ 2,590-22%",https://www.homepro.co.th/p/1268477,2025-04-02 10:38:33.466305
ลำโพงพกพา OZZIE CAMP สีดำ,"฿ 1,190-33%",https://www.homepro.co.th/p/1260113,2025-04-02 10:38:33.467773
สายชาร์จ USB-A TO LIGHTNING ASAKI A-2071 1.5 เมตร ...,฿ 129-15%,https://www.homepro.co.th/p/1281038,2025-04-02 10:38:33.467773
แบตเตอรี่สำรอง MOFIT M15 15000MAH สีดำ,"฿ 1,290-31%",https://www.homepro.co.th/p/1285268,2025-04-02 10:38:33.470092
จอมอนิเตอร์ 25 นิ้ว MSI PRO MP251 E2,"฿ 3,090-3%",https://www.homepro.co.th/p/1283531,2025-04-02 10:38:33.471569
หูฟัง JVC HA-F17M 1 เมตร สีดำ,฿ 520-11%,https://www.homepro.co.th/p/1288822,2025-04-02 10:38:33.471569
ลำโพงบลูทูธ OZZIE H100 สีน้ำเงิน,"฿ 1,490-33%",https://www.homepro.co.th/p/1236064,2025-04-02 10:38:33.472586
เครื่องเล่นเกม PLAYSTATION 5 PRO DIGITAL EDITION S...,"฿ 31,850-7%",https://www.homepro.co.th/p/1276435,2025-04-02 10:38:33.473825
แบตเตอรี่สำรอง MOFIT M15 15000MAH สีขาว,"฿ 1,290-31%",https://www.homepro.co.th/p/1285292,2025-04-02 10:38:33.473825
ตู้ตั้งพื้นลิ้นชัก SANKI CLEAN KITCHEN SMC-NSF 80 ...,"฿ 24,970-6%",https://www.homepro.co.th/p/1285005,2025-04-02 10:38:33.474969
กระติกสุญญากาศ 720 มล. ZOJIRUSHI SM-GS72-BA สีดำ,"฿ 1,700-20%",https://www.homepro.co.th/p/1282082,2025-04-02 10:38:33.474969
เตาฝัง+เครื่องดูดควัน AXIA FLO72-2G+HERO KNIGHT 90,"฿ 13,580-41%",https://www.homepro.co.th/p/1286342,2025-04-02 10:38:33.476147
กระบอกน้ำพลาสติก TRITAN HANSEN 2 ลิตร สีเขียวทูโทน,฿ 999-82%,https://www.homepro.co.th/p/1284712,2025-04-02 10:38:33.476147
กล่องอาหารแก้วจัตุรัส 0.8 ลิตร KECH RUMI สีแดง,฿ 125-8%,https://www.homepro.co.th/p/1280849,2025-04-02 10:38:33.477148
แก้วน้ำ 340 มล. OCEAN GLASS SUMMER SET TURQUOISE M...,฿ 260-23%,https://www.homepro.co.th/p/1286684,2025-04-02 10:38:33.478478
กล่องอาหารผืนผ้า KECH NOBLE 2.2 ลิตร สีเทอร์ควอยซ์,฿ 99-10%,https://www.homepro.co.th/p/1280874,2025-04-02 10:38:33.479478
กระติกสุญญากาศ 360 มล. ZOJIRUSHI SU-AA36-CP สีชมพู...,"฿ 1,400-20%",https://www.homepro.co.th/p/1282049,2025-04-02 10:38:33.480531
แก้วมีขา 450 มล. OCEAN GLASS SUMMER SET DEEP BLUE ...,฿ 350-23%,https://www.homepro.co.th/p/1286670,2025-04-02 10:38:33.480531
ตู้ตั้งพื้นท็อปซิงค์ 2 หลุม SANKI CLEAN KITCHEN SM...,"฿ 26,790-6%",https://www.homepro.co.th/p/1285061,2025-04-02 10:38:33.481531
กระติกสุญญากาศ 475 มล. LOCKNLOCK METRO MUG สีฟ้า,฿ 829-31%,https://www.homepro.co.th/p/1283740,2025-04-02 10:38:33.481531
นาฬิกาแขวน RHYTHM CMG140NR06 12 นิ้ว สีน้ำตาล,"฿ 2,490-20%",https://www.homepro.co.th/p/1282261,2025-04-02 10:38:33.481531
ผ้าม่านม้วน HOME LIVING STYLE CORDLESS DIO 100X160...,฿ 990-43%,https://www.homepro.co.th/p/1270956,2025-04-02 10:38:33.481531
พรม MJhomedesigns Black Grid Series ขนาด 160 x 230...,"฿ 19,000-18%",https://www.homepro.co.th/p/888126300263,2025-04-02 10:38:33.484658
พรม MJhomedesigns Rolling Stone Series Beasley-02 ...,"฿ 35,000-18%",https://www.homepro.co.th/p/888126300234,2025-04-02 10:38:33.484658
พรม MJhomedesigns Tamini Series 03 ขนาด 160 x 230 ...,"฿ 20,000-20%",https://www.homepro.co.th/p/888126300274,2025-04-02 10:38:33.486013
พรม MJhomedesigns California Series (B 03G) ขนาด 1...,"฿ 18,000-16%",https://www.homepro.co.th/p/888126300258,2025-04-02 10:38:33.487065
ผ้าม่านม้วน MOTOR HOME LIVING STYLE ZETA 120X160 ซ...,"฿ 4,590-52%",https://www.homepro.co.th/p/1270973,2025-04-02 10:38:33.488114
เตียงนอน Mjhomedesigns DC734 6 ft:L196xW213xH85 cm,"฿ 31,075-15%",https://www.homepro.co.th/p/888126300284,2025-04-02 10:38:33.489294
ชั้นวางของโล่ง 3 ชั้น U-RODECOR SMART 60 ซม. สี LI...,"฿ 2,090-33%",https://www.homepro.co.th/p/1284977,2025-04-02 10:38:33.490407
เก้าอี้สนาม SPRING ROPE สีขาว/น้ำตาล,"฿ 1,690-41%",https://www.homepro.co.th/p/1280978,2025-04-02 10:38:33.490407
ตู้เสื้อผ้า SB FURNITURE ETERNO 19220930 สีขาว,"฿ 100,000-20%",https://www.homepro.co.th/p/1277791,2025-04-02 10:38:33.491911
โต๊ะกลาง SB FURNITURE LEEVI 19222699 90 ซม. สีน้ำต...,"฿ 3,400-26%",https://www.homepro.co.th/p/1284586,2025-04-02 10:38:33.491911
อาร์มแชร์ SB FURNITURE GIMMENA 19224933 สีครีม,"฿ 13,200-28%",https://www.homepro.co.th/p/1284583,2025-04-02 10:38:33.492923
โต๊ะข้าง SB FURNITURE KUMO 19229211 37.6 ซม. สีดำ,"฿ 6,200-29%",https://www.homepro.co.th/p/1284730,2025-04-02 10:38:33.492923
[Pre-order] เตียงนอน Proma-B13-5F ขนาด 5 ฟุต สีน้ำ...,"฿ 36,900-13%",https://www.homepro.co.th/p/888126000221,2025-04-02 10:38:33.492923
อาร์มแชร์ Mjhomedesigns CH539 สีขาว L85xW85xH68 cm,"฿ 18,320-15%",https://www.homepro.co.th/p/888126300286,2025-04-02 10:38:33.494264
ตู้เตี้ยบานผสม FURDINI MOBILLE 180 ซม. สีขาว/ออทตา...,"฿ 6,590-19%",https://www.homepro.co.th/p/1284487,2025-04-02 10:38:33.495266
ตู้ข้างเตียง FURDINI BRICK 40 ซม. สี PINE OAK,"฿ 2,990-33%",https://www.homepro.co.th/p/1284195,2025-04-02 10:38:33.496459
เก้าอี้สนาม SPRING ROPE สีดำ/สีเทา,"฿ 1,690-41%",https://www.homepro.co.th/p/1280982,2025-04-02 10:38:33.496459
ที่นอน 3 ฟุต mr.big Figured™ Three สีขาว ที่นอนสำห...,"฿ 52,500-20%",https://www.homepro.co.th/p/888166800076,2025-04-02 10:38:33.497636
คอกกั้นเด็ก GEKO CLASSY SILICONE ไซซ์ STANDARD สี ...,"฿ 35,900-8%",https://www.homepro.co.th/p/1287125,2025-04-02 10:38:33.497636
แผ่นรองนอน 3 ฟุต mr.big 7-Zone Comforter สีขาว,"฿ 7,950-20%",https://www.homepro.co.th/p/888166800040,2025-04-02 10:38:33.497636
ที่นอน 3 ฟุต mr.big Figured™ Four สีขาว ที่นอนสำหร...,"฿ 52,500-20%",https://www.homepro.co.th/p/888166800080,2025-04-02 10:38:33.498890
เตียงพับพร้อม TOPPER THAIBULL SST-SP01 109X199X55 ...,"฿ 12,900-35%",https://www.homepro.co.th/p/1286446,2025-04-02 10:38:33.498890
แผ่นรองนอน 3.5 ฟุต mr.big BodyBalm Topper สำหรับที...,"฿ 14,500-20%",https://www.homepro.co.th/p/888166800045,2025-04-02 10:38:33.500103
แผ่นรองนอน 5 ฟุต mr.big BodyBalm Topper สำหรับที่น...,"฿ 18,500-20%",https://www.homepro.co.th/p/888166800046,2025-04-02 10:38:33.501110
แผ่นรองนอน 3 ฟุต mr.big BodyBalm Topper สำหรับที่น...,"฿ 14,500-20%",https://www.homepro.co.th/p/888166800044,2025-04-02 10:38:33.501616
หมอนหนุน mr.big รุ่น New BodyScale Pillow No.1 สีข...,"฿ 3,250-10%",https://www.homepro.co.th/p/888166800007,2025-04-02 10:38:33.501616
หมอน Ergonomic mr.big หมอนรองขา ผ่อนคลายกล้ามเนื้อ...,"฿ 4,250-10%",https://www.homepro.co.th/p/888166800026,2025-04-02 10:38:33.502648
หมอนหนุน mr.big รุ่น New BodyScale Pillow No.2 สีข...,"฿ 3,250-10%",https://www.homepro.co.th/p/888166800008,2025-04-02 10:38:33.502648
หมอนอ้วนยักษ์ mr.big สีน้ำตาล นุ่มน่ากอด,"฿ 1,650-10%",https://www.homepro.co.th/p/888166800014,2025-04-02 10:38:33.503644
พรมลูกฟูก MOYA MA01055,฿ 170-18%,https://www.homepro.co.th/p/1279915,2025-04-02 10:38:33.504643
กระจกยาวตั้งพื้น-ติดผนัง MOYA HP-2025-BK55X 150 ซม...,"฿ 2,750-27%",https://www.homepro.co.th/p/1274287,2025-04-02 10:38:33.504643
กระเบื้องผนัง 25X40 ซม. TARA มาริก้า ไวท์ A 1 ตร.ม...,฿ 279-21%,https://www.homepro.co.th/p/1281128,2025-04-02 10:38:33.505644
กระเบื้องพื้น 50X50 ซม. TARA นาติยาส น้ำตาล A 1 ตร...,฿ 259-5%,https://www.homepro.co.th/p/1273803,2025-04-02 10:38:33.506643
แผ่นตกแต่ง MOYA YHC0033 สีเทา,฿ 375-25%,https://www.homepro.co.th/p/1279918,2025-04-02 10:38:33.507645
กระเบื้องผนัง 25X40 ซม. TARA คามิลล่า ไวท์ A 1 ตร....,฿ 279-21%,https://www.homepro.co.th/p/1281130,2025-04-02 10:38:33.507645
กระเบื้องผนัง 25X40 ซม. TARA อะมีร่า ไวท์ A 1 ตร.ม...,฿ 269-18%,https://www.homepro.co.th/p/1281145,2025-04-02 10:38:33.508645
แผ่นตกแต่ง MOYA HD0307 สีเทา,฿ 375-25%,https://www.homepro.co.th/p/1279910,2025-04-02 10:38:33.508645
แผ่นตกแต่ง MOYA HD0307 สีออฟไวท์,฿ 375-25%,https://www.homepro.co.th/p/1279921,2025-04-02 10:38:33.509644
กระเบื้องพื้น 50X50 ซม. TARA ฮามอนวู๊ด น้ำตาล A 1 ...,฿ 259-5%,https://www.homepro.co.th/p/1273788,2025-04-02 10:38:33.509644
กระเบื้องผนัง 25X40 ซม. TARA อะมีร่า เดคโค่ ไวท์ A...,฿ 279-21%,https://www.homepro.co.th/p/1281162,2025-04-02 10:38:33.510645
แผ่นตกแต่ง MOYA HD0216 สีเทา,฿ 300-20%,https://www.homepro.co.th/p/1279908,2025-04-02 10:38:33.511644
แก้วเก็บความเย็น ICEBASE รุ่น VLB-401GN (WINSTON) ...,฿ 990-30%,https://www.homepro.co.th/p/888111300109,2025-04-02 10:38:33.516468
ที่ยึดปลั๊กพ่วง Deli VS6205-WH-01 สีขาว 4x10x0.6 c...,฿ 39-51%,https://www.homepro.co.th/p/888134600120,2025-04-02 10:38:33.517468
ตะกร้าผ้าเหลี่ยม PLIM BUBBLE SIZE L สีเทา,฿ 269-44%,https://www.homepro.co.th/p/1281067,2025-04-02 10:38:33.518614
แก้วเก็บความเย็น ICEBASE รุ่น VLP-803BK (BALANCE) ...,฿ 419-21%,https://www.homepro.co.th/p/888111300096,2025-04-02 10:38:33.519925
อะไหล่ผ้าม็อบไมโครไฟเบอร์ VILEDA H2PRO,฿ 189-10%,https://www.homepro.co.th/p/1284945,2025-04-02 10:38:33.521603
เก้าอี้พลาสติก SPRING GABY สีดำ,"฿ 1,390-28%",https://www.homepro.co.th/p/1280496,2025-04-02 10:38:33.522978
เก้าอี้พลาสติก SPRING SLEPT สีขาว,฿ 599-50%,https://www.homepro.co.th/p/1280102,2025-04-02 10:38:33.522978
เก้าอี้พลาสติก SPRING TESSIE DOT สีขาว,"฿ 1,390-21%",https://www.homepro.co.th/p/1280240,2025-04-02 10:38:33.524975
เก้าอี้พลาสติก SPRING GABY สีขาว,"฿ 1,390-28%",https://www.homepro.co.th/p/1280497,2025-04-02 10:38:33.524975
กล่องเก็บของอเนกประสงค์ SPRING 58 ลิตร สีเบจ,฿ 799-30%,https://www.homepro.co.th/p/1280775,2025-04-02 10:38:33.524975
เก้าอี้พลาสติก SPRING TESSIE สีดำ,"฿ 1,390-21%",https://www.homepro.co.th/p/1280503,2025-04-02 10:38:33.525975
เก้าอี้หวายเทียม SPRING CAILY สีเทา,฿ 890-22%,https://www.homepro.co.th/p/1281453,2025-04-02 10:38:33.528771
แผ่นปิดรอยต่อ DURAONE 20 ซม. X 3 ม.,฿ 350-14%,https://www.homepro.co.th/p/1117301,2025-04-02 10:38:33.530031
กระเบื้องคอนกรีตปูพื้น DURAONE แสตมป์เพฟ UVT สมาร์...,฿ 140-17%,https://www.homepro.co.th/p/1237178,2025-04-02 10:38:33.530031
สว่านโรตารี่ CAT DX26 800 วัตต์,"฿ 4,840-32%",https://www.homepro.co.th/p/1287779,2025-04-02 10:38:33.530031
สีน้ำทาภายนอก ชนิดกึ่งเงา TOA PRO EXPERT PS100 9 ล...,"฿ 1,960-22%",https://www.homepro.co.th/p/1287870,2025-04-02 10:38:33.530031
มือจับก้านโยกห้องทั่วไป MORTISE HAFELE 489.11.044 ...,"฿ 2,730-32%",https://www.homepro.co.th/p/1269515,2025-04-02 10:38:33.531821
สีน้ำทาภายใน ชนิดด้าน TOA PRO EXPERT 2 IN 1 BASE A...,"฿ 1,240-25%",https://www.homepro.co.th/p/1287736,2025-04-02 10:38:33.531821
ไม้แบบพลาสติกหล่อท้องคาน SON OF WOOD GI 20X300X2.5...,฿ 710-2%,https://www.homepro.co.th/p/1286660,2025-04-02 10:38:33.533844
แปรงทำความสะอาดไฟฟ้า HOMEMI LITE HM0096-P-WH 80 วั...,"฿ 1,400-29%",https://www.homepro.co.th/p/1286158,2025-04-02 10:38:33.533844
ปูนฉาบรอยต่อแผ่นยิปซัม DURAONE 25 กก.,฿ 275-27%,https://www.homepro.co.th/p/1110108,2025-04-02 10:38:33.533844
พื้น SPC LT BY COTTO 4 มม. 2.64 ตร.ม. สี LUMBER OA...,"฿ 1,590-15%",https://www.homepro.co.th/p/1285001,2025-04-02 10:38:33.534866
สีน้ำทาภายใน ชนิดด้าน JOTUN MAJESTIC PURE COLOR เบ...,"฿ 1,400-22%",https://www.homepro.co.th/p/1285117,2025-04-02 10:38:33.535977
ซัพพอร์ทข้อศอก ADIDAS ADSU-14122 ไซส์ L,"฿ 1,290-14%",https://www.homepro.co.th/p/888113700131,2025-04-02 10:38:33.536686
จักรยานแม่บ้าน Xaming 24 นิ้ว สีขาว,"฿ 5,190-50%",https://www.homepro.co.th/p/888109200093,2025-04-02 10:38:33.536686
เซตที่คาดผม 3 ชิ้น ADIDAS ADAC-16200-NL,฿ 590-14%,https://www.homepro.co.th/p/888113700119,2025-04-02 10:38:33.537716
ถุงมือ Wrist Wrap Training ADIDAS ADGB-15050 สีดำ...,"฿ 1,690-14%",https://www.homepro.co.th/p/888113700126,2025-04-02 10:38:33.537716
ที่คาดผม ADIDAS ADAC-16400YL สีเขียวมะนาว,฿ 690-14%,https://www.homepro.co.th/p/888113700123,2025-04-02 10:38:33.537716
จักรยานแม่บ้าน Xaming 26 นิ้ว สีครีม,"฿ 5,290-49%",https://www.homepro.co.th/p/888109200096,2025-04-02 10:38:33.538720
เครื่อง MULTI GYM IVADE IV-H700,"฿ 99,800-50%",https://www.homepro.co.th/p/1285130,2025-04-02 10:38:33.539763
เชือกกระโดด JASON X-SLASHER SASSY สีชมพู,฿ 450-20%,https://www.homepro.co.th/p/1285086,2025-04-02 10:38:33.539763
ปลอกน่อง ADIDAS ADSL-13014RD SIZE L/XL สีแดง,฿ 790-14%,https://www.homepro.co.th/p/888113700149,2025-04-02 10:38:33.540946
จักรยานแม่บ้าน Xaming 26 นิ้ว สีขาว,"฿ 5,290-49%",https://www.homepro.co.th/p/888109200095,2025-04-02 10:38:33.540946
จักรยานแม่บ้าน Xaming 26 นิ้ว สีชมพู,"฿ 5,290-49%",https://www.homepro.co.th/p/888109200097,2025-04-02 10:38:33.541946
ทรายแมวเต้าหู้ PETUS กลิ่นมัทฉะ 6 ลิตร,฿ 209-28%,https://www.homepro.co.th/p/1287639,2025-04-02 10:38:33.541946
พรมกันลื่น MEIWA BR 30X30 ซม. (9 ชิ้น/แพ็ก),฿ 660-25%,https://www.homepro.co.th/p/1283046,2025-04-02 10:38:33.543149
กรงสัตว์เลี้ยงพกพา PETUS 48 ซม. สีกาแฟเขียว,฿ 419-28%,https://www.homepro.co.th/p/1287274,2025-04-02 10:38:33.543149
แผ่นอเนกประสงค์กันลื่น MEIWA B2 45X60 ซม.,฿ 399-25%,https://www.homepro.co.th/p/1283153,2025-04-02 10:38:33.544272
แผ่นอเนกประสงค์กันลื่น MEIWA B 45X60 ซม.,฿ 399-25%,https://www.homepro.co.th/p/1283114,2025-04-02 10:38:33.544272
กรรไกรตัดเล็บสัตว์เลี้ยง 2 IN 1 PETUS สีชมพู,฿ 97-28%,https://www.homepro.co.th/p/1287817,2025-04-02 10:38:33.544272
กรรไกรตัดเล็บสัตว์เลี้ยง PETUS ขนาดเล็ก สีฟ้า,฿ 55-29%,https://www.homepro.co.th/p/1287819,2025-04-02 10:38:33.545442
แผ่นอเนกประสงค์กันลื่น MEIWA B3 90X120 ซม.,฿ 999-25%,https://www.homepro.co.th/p/1283146,2025-04-02 10:38:33.545442
ผ้าเช็ดกรรไกรสัตว์เลี้ยง PETUS สีน้ำเงิน,฿ 7-28%,https://www.homepro.co.th/p/1287804,2025-04-02 10:38:33.546859
แผ่นอเนกประสงค์กันลื่น MEIWA B2 90X120 ซม.,฿ 999-25%,https://www.homepro.co.th/p/1283145,2025-04-02 10:38:33.546859
ชุดคลุมอาบน้ำสัตว์เลี้ยง PETUS ไซซ์ L สีเทา,฿ 391-28%,https://www.homepro.co.th/p/1287822,2025-04-02 10:38:33.548228
กรงสัตว์เลี้ยงพกพา PETUS 48 ซม. สีเทาดำ,฿ 419-28%,https://www.homepro.co.th/p/1287276,2025-04-02 10:38:33.549229
เตียงนอนเด็ก IDAWIN รุ่น Eazy all in one  สี Twoto...,"฿ 24,300-26%",https://www.homepro.co.th/p/888135200006,2025-04-02 10:38:33.549229
เตียงนอนเด็ก IDAWIN รุ่น Junior 2 in 1 สี White Wa...,"฿ 35,700-30%",https://www.homepro.co.th/p/888135200008,2025-04-02 10:38:33.550683
คอกกั้นเด็ก GEKO CLASSY SILICONE 3.5 ฟุต สี GRAY-W...,"฿ 31,900-9%",https://www.homepro.co.th/p/1287132,2025-04-02 10:38:33.551683
จักรยานเด็ก Xaming MTB สีชมพู ล้อ 16 นิ้ว,"฿ 4,790-50%",https://www.homepro.co.th/p/888109200083,2025-04-02 10:38:33.551683
จักรยานเด็ก Xaming MTB สีเขียว ล้อ 16 นิ้ว,"฿ 4,790-50%",https://www.homepro.co.th/p/888109200080,2025-04-02 10:38:33.552923
เตียงนอนเด็ก IDAWIN รุ่น Eazy all in one  สี White...,"฿ 24,300-26%",https://www.homepro.co.th/p/888135200005,2025-04-02 10:38:33.552923
จักรยานเด็ก Xaming MTB สีครีม ล้อ 16 นิ้ว,"฿ 4,790-50%",https://www.homepro.co.th/p/888109200081,2025-04-02 10:38:33.554107
เตียง 2 ชั้น THAIBULL SST2F-0142-105 สีขาว,"฿ 15,000-40%",https://www.homepro.co.th/p/1277275,2025-04-02 10:38:33.554107
คอกกั้นเด็ก GEKO CLASSY SILICONE ไซซ์ COMPACT สี G...,"฿ 25,900-7%",https://www.homepro.co.th/p/1287119,2025-04-02 10:38:33.555410
จักรยานเด็ก Xaming MTB สีน้ำเงิน ล้อ 18 นิ้ว,"฿ 4,890-49%",https://www.homepro.co.th/p/888109200086,2025-04-02 10:38:33.555410
จักรยานเด็ก Xaming MTB สีดำ/แดง ล้อ 16 นิ้ว,"฿ 4,790-50%",https://www.homepro.co.th/p/888109200079,2025-04-02 10:38:33.556515
จักรยานเด็ก Xaming MTB สีดำ/แดง ล้อ 18 นิ้ว,"฿ 4,890-49%",https://www.homepro.co.th/p/888109200085,2025-04-02 10:38:33.556515
ยางรถยนต์ PIRELLI รุ่น SCORPION S-VEAS ขนาด 265/65...,"฿ 24,760-24%",https://www.homepro.co.th/p/888112000217,2025-04-02 10:38:33.556515
ยางรถยนต์ MICHELIN รุ่น PRIMACY 5 ขนาด 215/55R17 จ...,"฿ 25,160-3%",https://www.homepro.co.th/p/888112000293,2025-04-02 10:38:33.557910
พรมปูพื้นรถยนต์ JUSTMATE MG 3 HYBRID 2024-2028,"฿ 3,800-6%",https://www.homepro.co.th/p/888163600018,2025-04-02 10:38:33.558907
พรมปูพื้นรถยนต์ JUSTMATE FORD EVEREST 2022-2032,"฿ 6,300-11%",https://www.homepro.co.th/p/888163600026,2025-04-02 10:38:33.559904
พรมปูพื้นรถยนต์ JUSTMATE BYD SEALION 6 2024 - 2028,"฿ 4,200-10%",https://www.homepro.co.th/p/888163600001,2025-04-02 10:38:33.559904
ยางรถยนต์ NEXEN รุ่น NFERA SU4 ขนาด 215/50R17 จำนว...,"฿ 16,760-19%",https://www.homepro.co.th/p/888112000152,2025-04-02 10:38:33.560905
ยางรถยนต์ PIRELLI รุ่น CINTURATO ROSSO ขนาด 215/50...,"฿ 23,560-20%",https://www.homepro.co.th/p/888112000204,2025-04-02 10:38:33.560905
พรมปูพื้นรถยนต์ JUSTMATE XPENG G6 2024 - 2028,"฿ 4,800-20%",https://www.homepro.co.th/p/888163600015,2025-04-02 10:38:33.561904
ยางรถยนต์ MICHELIN รุ่น PRIMACY 5 ขนาด 195/60R16 จ...,"฿ 18,600-4%",https://www.homepro.co.th/p/888112000300,2025-04-02 10:38:33.561904
พรมปูพื้นรถยนต์ JUSTMATE HONDA CITY SEDAN 2020-202...,"฿ 3,800-6%",https://www.homepro.co.th/p/888163600033,2025-04-02 10:38:33.563287
พรมปูพื้นรถยนต์ JUSTMATE TOYOTA YARIS CROSS 2023 -...,"฿ 3,800-6%",https://www.homepro.co.th/p/888163600008,2025-04-02 10:38:33.564308
ยางรถยนต์ PIRELLI รุ่น CINTURATO ROSSO ขนาด 185/60...,"฿ 15,560-20%",https://www.homepro.co.th/p/888112000194,2025-04-02 10:38:33.564308
หมอนข้าง ME LIVING ULTRASOFT สีขาว,฿ 459-52%,https://www.homepro.co.th/p/1134753,2025-04-02 10:38:33.564308
หมอนหนุน 19X29-INCH  BROWN HOME LIVING STYLE,฿ 359-51%,https://www.homepro.co.th/p/1115282,2025-04-02 10:38:33.565465
หมอนหนุน SANTAS DACRON,฿ 690-50%,https://www.homepro.co.th/p/61080,2025-04-02 10:38:33.565465
หมอนหนุน HOME LIVING STYLE 19X29 นิ้ว,฿ 359-51%,https://www.homepro.co.th/p/186494,2025-04-02 10:38:33.566466
หมอนข้าง SANTAS DACRON,฿ 890-50%,https://www.homepro.co.th/p/61079,2025-04-02 10:38:33.567464
หมอนหนุน STEVENS ST.COMFORT 19x29 นิ้ว 1 แถม 1,฿ 650-25%,https://www.homepro.co.th/p/1152475,2025-04-02 10:38:33.567464
ที่นอน 3.5 ฟุต HOME LIVING STYLE NAVA,"฿ 6,900-56%",https://www.homepro.co.th/p/1034917,2025-04-02 10:38:33.567464
หมอนสุขภาพ HOME LIVING STYLE AIR FORM FIESTA,"฿ 1,590-57%",https://www.homepro.co.th/p/1080338,2025-04-02 10:38:33.568578
ผ้าห่ม HANSEN 70X80 นิ้ว สี GREY,฿ 598-50%,https://www.homepro.co.th/p/1225982,2025-04-02 10:38:33.568578
แผ่นรองนอน HOME LIVING STYLE BALANCE 3 ฟุต,"฿ 3,200-59%",https://www.homepro.co.th/p/1025153,2025-04-02 10:38:33.569996
หมอนหนุน PREMIER SATIN ESSENTIAL PRO 19X29 นิ้ว สี...,฿ 680-72%,https://www.homepro.co.th/p/268572,2025-04-02 10:38:33.571057
หมอนหนุน 19X29-INCH  NAVY HOME LIVING STYLE,฿ 359-51%,https://www.homepro.co.th/p/1115277,2025-04-02 10:38:33.571563
ที่นอน 6 ฟุต HOME LIVING STYLE NAVA,"฿ 8,900-49%",https://www.homepro.co.th/p/1034931,2025-04-02 10:38:33.571563
ที่นอน 5 ฟุต HOME LIVING STYLE NAVA,"฿ 7,900-48%",https://www.homepro.co.th/p/1034829,2025-04-02 10:38:33.571563
เก้าอี้หวายเทียม SPRING CHOCO BLACK X สีดำ,฿ 990-41%,https://www.homepro.co.th/p/1112338,2025-04-02 10:38:33.572645
ชุดสนามหวายเทียม 2 ที่นั่ง ME LIVING RATTAN สีน้ำต...,"฿ 3,990-45%",https://www.homepro.co.th/p/1137441,2025-04-02 10:38:33.572645
แผ่นถ่วงน้ำหนัก SPRING สีดำ,฿ 790-17%,https://www.homepro.co.th/p/1040286,2025-04-02 10:38:33.573644
เตาถ่านบาร์บีคิว SPRING BARREL PRO สีดำ,"฿ 6,990-47%",https://www.homepro.co.th/p/1217227,2025-04-02 10:38:33.574645
ม้านั่งสนาม SPRING EVELYN PALM สี BRONZE,"฿ 4,200-28%",https://www.homepro.co.th/p/1182193,2025-04-02 10:38:33.574645
ตู้เก็บของ HDPE SPRING EVEREST 90 ซม.,"฿ 7,990-42%",https://www.homepro.co.th/p/1169121,2025-04-02 10:38:33.574645
เก้าอี้พลาสติก SPRING BEST CHAIR สีเทา,฿ 199-25%,https://www.homepro.co.th/p/1104376,2025-04-02 10:38:33.575968
เก้าอี้พนักพิง-เอนนอน SPRING FT-234 สีขาว,฿ 620-35%,https://www.homepro.co.th/p/194381,2025-04-02 10:38:33.576975
ร่มสนามตัวแอล SPRING สีครีม,"฿ 4,590-20%",https://www.homepro.co.th/p/1040178,2025-04-02 10:38:33.576975
เตา BBQ ถ่าน SPRING 22T ฝาอบ สีดำ,"฿ 2,700-33%",https://www.homepro.co.th/p/1020691,2025-04-02 10:38:33.578136
กระติกน้ำแข็งมีก๊อก SPRING AG398 4 ลิตร สีเทา/น้ำเ...,฿ 350-26%,https://www.homepro.co.th/p/1156405,2025-04-02 10:38:33.578136
เก้าอี้หวายเทียม SPRING WICKER X สีเทาอ่อน,฿ 990-41%,https://www.homepro.co.th/p/1160458,2025-04-02 10:38:33.579199
เต็นท์สนามอเนกประสงค์ SPRING 2x2 ม. สีขาว,"฿ 1,290-26%",https://www.homepro.co.th/p/265227,2025-04-02 10:38:33.579199
ตู้เก็บของ 4 ชั้น SPRING EVEREST 180 ซม.,"฿ 11,990-20%",https://www.homepro.co.th/p/1169055,2025-04-02 10:38:33.579199
เก้าอี้พนักพิง ME LIVING GEM สีน้ำเงิน,฿ 199-47%,https://www.homepro.co.th/p/1178912,2025-04-02 10:38:33.580265
หลอด LED PHILIPS T8 ECOFIT 765 18 วัตต์ DAYLIGHT G...,฿ 204-36%,https://www.homepro.co.th/p/1119400,2025-04-02 10:38:33.580265
หลอด LED PHILIPS A60 12 วัตต์ DAYLIGHT E27 แพ็ก 4 ...,฿ 596-29%,https://www.homepro.co.th/p/1106308,2025-04-02 10:38:33.581776
หลอด LED DAYLIGHT LAMPTAN CEILING MODULE 24 วัตต์ ...,฿ 490-61%,https://www.homepro.co.th/p/1118549,2025-04-02 10:38:33.582794
หลอด LED PHILIPS A60 8 วัตต์ DAYLIGHT E27 แพ็ก 4 ช...,฿ 596-49%,https://www.homepro.co.th/p/1087827,2025-04-02 10:38:33.582794
หลอด LED LAMPTAN BULB GLOSS 9 วัตต์ DAYLIGHT E27 แ...,฿ 139-28%,https://www.homepro.co.th/p/1046081,2025-04-02 10:38:33.583971
หลอด LED PHILIPS ESSENTIAL 13 วัตต์ WARM WHITE E27,฿ 180-50%,https://www.homepro.co.th/p/1166515,2025-04-02 10:38:33.583971
หลอด LED LAMPTAN BULB GLOSS 9 วัตต์ WARM WHITE E27...,฿ 139-28%,https://www.homepro.co.th/p/1046002,2025-04-02 10:38:33.585437
หลอด LED LAMPTAN BULB GLOSS 18 วัตต์ DAYLIGHT E27,฿ 269-26%,https://www.homepro.co.th/p/1103750,2025-04-02 10:38:33.585437
หลอด LED LAMPTAN BULB GLOSS 14 วัตต์ DAYLIGHT E27,฿ 219-27%,https://www.homepro.co.th/p/1097424,2025-04-02 10:38:33.586452
หลอด LED PHILIPS A60 8 วัตต์ WARMWHITE E27,฿ 190-34%,https://www.homepro.co.th/p/1081186,2025-04-02 10:38:33.586452
หลอด LED สั้น PHILIPS T8 ECOFIT 8 วัตต์ DAYLIGHT G...,฿ 250-60%,https://www.homepro.co.th/p/1045138,2025-04-02 10:38:33.586452
หลอด LED PHILIPS ESSENTIAL 11 วัตต์ DAYLIGHT E27 แ...,฿ 300-47%,https://www.homepro.co.th/p/1158374,2025-04-02 10:38:33.586452
ดาวน์ไลท์ PHILIPS FBS111C 4 นิ้ว สีขาว กลม,฿ 200-50%,https://www.homepro.co.th/p/285238,2025-04-02 10:38:33.587925
บัวรดน้ำ SPRING LEAF 6 ลิตร สีเขียว,฿ 179-27%,https://www.homepro.co.th/p/196162,2025-04-02 10:38:33.588925
สายยางโรล SPRING W-03 1/2 นิ้วX20 ม. สีเขียว,"฿ 1,390-35%",https://www.homepro.co.th/p/194138,2025-04-02 10:38:33.588925
ปืนฉีดน้ำปรับได้ 7 ระดับ SPRING DGH2012,฿ 249-36%,https://www.homepro.co.th/p/1103091,2025-04-02 10:38:33.590087
ที่แขวนสายยาง เหล็ก SPRING สีเทา,฿ 129-23%,https://www.homepro.co.th/p/196248,2025-04-02 10:38:33.590087
เครื่องตั้งเวลารดน้ำอัตโนมัติ SPRING DGH2601 สีเทา...,"฿ 1,390-35%",https://www.homepro.co.th/p/1052675,2025-04-02 10:38:33.590087
ดินปลูก คืนดี 6 ลิตร,฿ 159-18%,https://www.homepro.co.th/p/1170053,2025-04-02 10:38:33.591600
สายยางโรล SPRING W-04 1/2 นิ้วx30 ม. สีเขียว,"฿ 1,690-23%",https://www.homepro.co.th/p/194209,2025-04-02 10:38:33.591600
ดินผสมขุยมะพร้าว SPRING 20 กก.,฿ 129-38%,https://www.homepro.co.th/p/1178767,2025-04-02 10:38:33.592688
สายยางโรล SPRING SXG-11002 1/2 นิ้วX20 เมตร สีเขีย...,"฿ 1,190-16%",https://www.homepro.co.th/p/1222590,2025-04-02 10:38:33.592688
ถังพ่นยา SPRING SP01425 5 ลิตร,฿ 399-56%,https://www.homepro.co.th/p/1155595,2025-04-02 10:38:33.595309
ดินผสมใบก้ามปู SPRING 20 กก.,฿ 129-38%,https://www.homepro.co.th/p/1178727,2025-04-02 10:38:33.595309
ดินเพาะกล้า SPRING 20 กก.,฿ 129-38%,https://www.homepro.co.th/p/1178804,2025-04-02 10:38:33.596307
บานพับ 4X3 นิ้ว X 2 มม. SOLO 1143020 สีสเตนเลส (แพ...,฿ 390-51%,https://www.homepro.co.th/p/285261,2025-04-02 10:38:33.596307
ลูกบิดทั่วไป หัวกลม HAFELE 489.93.110 สีสเตนเลส,฿ 350-37%,https://www.homepro.co.th/p/1076036,2025-04-02 10:38:33.596307
กล่องกุญแจ 160 ดอกBOXES TS0041 สีครีม,"฿ 1,450-40%",https://www.homepro.co.th/p/231941,2025-04-02 10:38:33.597526
กล่องกุญแจ กุญแจ 20 ดอก BOXES TS0083 สีครีม,฿ 425-41%,https://www.homepro.co.th/p/231935,2025-04-02 10:38:33.598527
บานพับ 4X3 นิ้ว X 2 มม. SOLEX 4324 สีสเตนเลส (แพ็ก...,฿ 285-33%,https://www.homepro.co.th/p/249265,2025-04-02 10:38:33.599530
ลูกบิดห้องน้ำ หัวกลม HAFELE 489.93.115 สีสเตนเลส,฿ 330-36%,https://www.homepro.co.th/p/1076062,2025-04-02 10:38:33.599530
กล่องกุญแจ กุญแจ 45 ดอก BOXES TS0054 สีครีม,฿ 650-38%,https://www.homepro.co.th/p/231936,2025-04-02 10:38:33.600611
ลูกบิดห้องน้ำ YALE EKN-VCA5142US32D หัวกลม สีสเตนเ...,฿ 370-43%,https://www.homepro.co.th/p/1115919,2025-04-02 10:38:33.600611
บานพับ 4X3 นิ้ว X 2.5 มม. SOLEX 4324 สีสเตนเลส (แพ...,฿ 375-32%,https://www.homepro.co.th/p/233085,2025-04-02 10:38:33.601621
ลูกบิดทั่วไป SOLEX 5500SS หัวกลม สีสเตนเลส,฿ 380-42%,https://www.homepro.co.th/p/287919,2025-04-02 10:38:33.601621
ลูกบิดทั่วไป YALE EKN-VCA5147US32D หัวกลม สีสเตนเล...,฿ 370-43%,https://www.homepro.co.th/p/1115890,2025-04-02 10:38:33.602650
บานพับ 4X3 นิ้ว X 2 มม. HAFELE 489.04.001 สีสเตนเล...,฿ 480-40%,https://www.homepro.co.th/p/238205,2025-04-02 10:38:33.602650
ลูกบิดห้องน้ำ หัวกลม AZLE 5831 สีสเตนเลส,฿ 139-28%,https://www.homepro.co.th/p/1171468,2025-04-02 10:38:33.603754
ลูกบิดทั่วไป YALE KN-VCA5127US32D หัวกลม สีสเตนเลส,฿ 380-42%,https://www.homepro.co.th/p/253679,2025-04-02 10:38:33.604768
ลูกบิดห้องน้ำ YALE KN-VCA5122US32D หัวกลม สีสเตนเล...,฿ 380-42%,https://www.homepro.co.th/p/253682,2025-04-02 10:38:33.604768
วงกบประตู UPVC PARAZZO 70X200 ซม. สีขาว,"฿ 1,150-22%",https://www.homepro.co.th/p/239236,2025-04-02 10:38:33.605825
วงกบประตู UPVC ECO-DOOR UR-100 80X200 ซม. สีขาว,฿ 890-11%,https://www.homepro.co.th/p/1200646,2025-04-02 10:38:33.605825
วงกบประตู PVC AZLE 70X200 ซม. สีขาว,฿ 650-9%,https://www.homepro.co.th/p/1010104,2025-04-02 10:38:33.606825
วงกบประตู UPVC PARAZZO 80x200 ซม. สีขาว,"฿ 1,150-22%",https://www.homepro.co.th/p/239237,2025-04-02 10:38:33.608196
บัวพื้น UPVC HOFFEN 9.8X240X2ซม. สีขาว,฿ 350-34%,https://www.homepro.co.th/p/1166889,2025-04-02 10:38:33.608196
ประตูห้องน้ำ UPVC ASARA S7018 ลายตาราง 70X180 ซม. ...,"฿ 1,690-11%",https://www.homepro.co.th/p/1157734,2025-04-02 10:38:33.608196
วงกบประตู UPVC AZLE 70X200 ซม. สีขาว,"฿ 1,120-20%",https://www.homepro.co.th/p/1017131,2025-04-02 10:38:33.609373
ประตูภายใน HDF AZLE ศรีวิชัย 4 ลูกฟัก 80X200 ซม. ส...,฿ 650-15%,https://www.homepro.co.th/p/1173540,2025-04-02 10:38:33.610486
ประตูห้องน้ำ PVC AZLE AZ-2 เกล็ดล่าง UV มอก.70X200...,"฿ 1,370-20%",https://www.homepro.co.th/p/196611,2025-04-02 10:38:33.610486
ประตูห้องน้ำ UPVC AZLE PZ6 70X200 ซม. สีขาว เจาะลู...,"฿ 2,590-23%",https://www.homepro.co.th/p/1016320,2025-04-02 10:38:33.611519
ประตูห้องน้ำ UPVC ECO-DOOR PG2 70X200 ซม. สีขาว เจ...,"฿ 1,790-11%",https://www.homepro.co.th/p/1200647,2025-04-02 10:38:33.611519
ประตูห้องน้ำ UPVC ECO-DOOR P2 70X200 ซม. สีขาว เจา...,"฿ 1,590-25%",https://www.homepro.co.th/p/1200662,2025-04-02 10:38:33.611519
บันได STEP 3 ขั้น MATALL R26903 สีดำ,"฿ 1,590-57%",https://www.homepro.co.th/p/1084215,2025-04-02 10:38:33.612565
รถเข็นอเนกประสงค์ 4 ล้อ MATALL 85-180 120 กก.,"฿ 1,000-20%",https://www.homepro.co.th/p/1062117,2025-04-02 10:38:33.613563
รถเข็น 4 ล้อ MATALL FD300 300 กก. สีดำ,"฿ 2,790-43%",https://www.homepro.co.th/p/1028911,2025-04-02 10:38:33.613563
กล่องเครื่องมือ DIY MATALL HL3059 สีใส,฿ 400-50%,https://www.homepro.co.th/p/280905,2025-04-02 10:38:33.614565
กล่องเครื่องมือมีล้อ MATALL HL3042 24 นิ้ว สีดำ/เห...,"฿ 1,700-53%",https://www.homepro.co.th/p/270291,2025-04-02 10:38:33.614565
บันไดอะลูมิเนียมทรง A มีมือจับ MATALL 5 ขั้น,"฿ 1,900-21%",https://www.homepro.co.th/p/1102878,2025-04-02 10:38:33.614565
บันไดอะลูมิเนียมพร้อมมือจับ MATALL 4 ขั้น สีเงิน,"฿ 2,500-20%",https://www.homepro.co.th/p/1128828,2025-04-02 10:38:33.615846
บันไดกันไฟ MATALL FG307 8 ขั้น,"฿ 3,300-21%",https://www.homepro.co.th/p/272020,2025-04-02 10:38:33.615846
รถเข็นพื้นเหล็ก 4 ล้อ MATALL JR3001 280 กก.,"฿ 2,000-35%",https://www.homepro.co.th/p/1165754,2025-04-02 10:38:33.615846
รถเข็นล้อลากอเนกประสงค์ MATALL JRWS-4,฿ 550-27%,https://www.homepro.co.th/p/1138067,2025-04-02 10:38:33.617179
บันไดอะลูมิเนียมทรง A MATALL R12208L 8 ขั้น,"฿ 1,800-28%",https://www.homepro.co.th/p/1154130,2025-04-02 10:38:33.617179
รถเข็น 4 ล้อ MATALL FD150 150 กก. สีดำ,"฿ 1,800-33%",https://www.homepro.co.th/p/1028878,2025-04-02 10:38:33.618287
บันไดอะลูมิเนียมทรง A MATALL R12207L 7 ขั้น,"฿ 1,600-25%",https://www.homepro.co.th/p/1154144,2025-04-02 10:38:33.619288
บันไดอเนกประสงค์ปรับแบบ MATALL R14205 20 ขั้น,"฿ 4,590-30%",https://www.homepro.co.th/p/1112564,2025-04-02 10:38:33.619288
บันไดทางเดียว พับได้ MATALL 4 ขั้น,"฿ 1,790-56%",https://www.homepro.co.th/p/1101897,2025-04-02 10:38:33.620288
กาวตะปูแรงยึดสูงพิเศษ 3M 38 มล. สีเบจ,฿ 105-9%,https://www.homepro.co.th/p/1030496,2025-04-02 10:38:33.620288
สเปรย์ไล่จิ้งจกและสัตว์ลิ้นสองแฉก SARGENT 250 มล.,฿ 159-25%,https://www.homepro.co.th/p/1124504,2025-04-02 10:38:33.621793
ซิลิโคนชนิดไร้กรด 3M 300 มล. สีขาว,฿ 320-34%,https://www.homepro.co.th/p/284491,2025-04-02 10:38:33.622815
กาวพลังตะปู 3M 300 มล. สีเบจ,฿ 255-29%,https://www.homepro.co.th/p/284492,2025-04-02 10:38:33.623819
ซีเมนต์ไม่หดตัว LANKO 701 25 กก.,฿ 365-26%,https://www.homepro.co.th/p/124514,2025-04-02 10:38:33.623819
ซิลิโคนชนิดไร้กรด 3M 300 มล. สีใส,฿ 305-34%,https://www.homepro.co.th/p/284489,2025-04-02 10:38:33.625820
กาวพลังตะปูสูตรน้ำมัน TOA FAST BOND 320 ก. สีเบจ,฿ 100-11%,https://www.homepro.co.th/p/1112579,2025-04-02 10:38:33.626816
โพลียูริเทนอุดรอย TOA 310 มล. สีขาว,฿ 265-24%,https://www.homepro.co.th/p/1041879,2025-04-02 10:38:33.626816
พลาสติกกันกระแทก PACK IN 0.65x100 ม.,฿ 399-7%,https://www.homepro.co.th/p/1187587,2025-04-02 10:38:33.627892
อะคริลิกซีลแลนท์ TOA 303 280 มล. สีขาว,฿ 85-52%,https://www.homepro.co.th/p/1083844,2025-04-02 10:38:33.627892
กาววอลเปเปอร์ผสมสำเร็จ BONDTECH 1 กก.,฿ 299-20%,https://www.homepro.co.th/p/1159274,2025-04-02 10:38:33.627892
หน้ากากอนามัย 3M แพ็ก 50 ชิ้น สีเขียว,฿ 125-21%,https://www.homepro.co.th/p/1169483,2025-04-02 10:38:33.628892
กระเบื้องผนัง 30x45 ซม. เอมมาลิน ไวท์ II 0.81M2,฿ 299-30%,https://www.homepro.co.th/p/1160615,2025-04-02 10:38:33.629894
กระเบื้องพื้น 16X16 นิ้ว TARA พาสเทลราซโซ่ คัลเลอร...,฿ 209-9%,https://www.homepro.co.th/p/1194814,2025-04-02 10:38:33.629894
กระเบื้องพื้น 60X60 ซม. TARA แกรนิโต้ เบจนาโน นิว ...,฿ 299-16%,https://www.homepro.co.th/p/1038687,2025-04-02 10:38:33.630895
กระเบื้องผนัง 25x40 ซม. MAXIMUS เมโทร ไวท์ A 1M2,฿ 299-20%,https://www.homepro.co.th/p/1093982,2025-04-02 10:38:33.630895
กระเบื้องพื้น 30X30 ซม. ภูรัศมี เกรย์,฿ 169-5%,https://www.homepro.co.th/p/1093230,2025-04-02 10:38:33.632398
กระเบื้องผนัง 12x18 นิ้ว COTTO อิงลิชการ์เด้นกลอสบ...,฿ 399-7%,https://www.homepro.co.th/p/1179272,2025-04-02 10:38:33.632398
กระเบื้องผนัง 8X16 นิ้ว DURAGRES กู๊ดเนส แบล็ค 1M2,฿ 219-9%,https://www.homepro.co.th/p/1103464,2025-04-02 10:38:33.633710
กระเบื้องผนัง 25x40 ซม. ไวท์แซนด์ ขาว 1M2,฿ 269-26%,https://www.homepro.co.th/p/1150053,2025-04-02 10:38:33.633710
กระเบื้องพื้น 40x40 ซม. CERGRES จากัวร์ ดำ A 0.96M...,฿ 305-8%,https://www.homepro.co.th/p/1109403,2025-04-02 10:38:33.634964
กระเบื้องพื้น 16x16 นิ้ว DURAGRES โนเบล เทา (EXC) ...,฿ 209-4%,https://www.homepro.co.th/p/1136973,2025-04-02 10:38:33.634964
กระเบื้องพื้น 40x40 ซม. CERGRES จากัวร์ เทา A,฿ 305-8%,https://www.homepro.co.th/p/1109392,2025-04-02 10:38:33.636229
